date,title,link
2014-01-18,DealBook: HSBC and Citigroup Suspend Currency Traders,http://dealbook.nytimes.com/2014/01/17/hsbc-and-citigroup-suspend-currency-traders/?ref=todayspaper
2014-01-24,"Argentina’s Currency Falls Sharply Against the Dollar, Stirring Inflation Fears",https://www.nytimes.com/2014/01/24/world/americas/argentinas-currency-falls-sharply-against-the-dollar-stirring-inflation-fears.html?ref=todayspaper
2014-01-25,"Argentina’s Currency Falls Sharply Against the Dollar, Stirring Inflation Fears",https://www.nytimes.com/2014/01/24/world/americas/argentinas-currency-falls-sharply-against-the-dollar-stirring-inflation-fears.html?ref=todayspaper
2014-02-05,DealBook: Regulator Compares Currency Investigation to Libor Case,http://dealbook.nytimes.com/2014/02/04/regulator-compares-currency-investigation-to-libor-case/?ref=todayspaper
2014-02-06,DealBook: New York’s Top Financial Regulator Investigates Currency Trading,http://dealbook.nytimes.com/2014/02/05/two-senior-foreign-exchange-executives-to-step-down/?ref=todayspaper
2014-02-08,"Editorial: Currency Wars, Revisited",https://www.nytimes.com/2014/02/08/opinion/currency-wars-revisited.html?ref=todayspaper
2014-03-01,Currency of China Continues to Decline,https://www.nytimes.com/2014/03/01/business/chinese-currency.html?ref=todayspaper
2014-03-02,Economic View: In Search of a Stable Electronic Currency,https://www.nytimes.com/2014/03/02/business/in-search-of-a-stable-electronic-currency.html?ref=todayspaper
2014-03-06,DealBook: Bank of England Suspends Worker as Currency Inquiry Expands,http://dealbook.nytimes.com/2014/03/05/bank-of-england-suspends-employee-amid-currency-manipulation-inquiry/?ref=todayspaper
2014-03-12,DealBook: Bank of England Governor Pledges More Integrity After Currency Inquiry,http://dealbook.nytimes.com/2014/03/11/bank-of-england-governor-pledges-more-integrity-after-currency-inquiry/?ref=todayspaper
2014-03-16,China’s Central Bank Allows Its Currency More Volatility,https://www.nytimes.com/2014/03/16/business/international/chinas-central-bank-raises-the-volatility-of-its-currency.html?ref=todayspaper
2014-03-17,"News Analysis: In China, Shaking Up Currency’s Strength",https://www.nytimes.com/2014/03/17/business/international/chinas-currency-is-no-longer-a-one-way-bet.html?ref=todayspaper
2014-03-25,Venezuela Takes Steps to Ease Curbs on Currency,https://www.nytimes.com/2014/03/25/world/americas/venezuela-takes-steps-to-ease-curbs-on-currency.html?ref=todayspaper
2014-04-01,DealBook: Swiss Regulator Opens Currency Inquiry,http://dealbook.nytimes.com/2014/03/31/swiss-competition-commission-opens-currency-inquiry/?ref=todayspaper
2014-04-02,DealBook: Hong Kong Banking Regulator Opens Inquiry Into Currency Manipulation,http://dealbook.nytimes.com/2014/04/01/hong-kong-banking-regulator-opens-inquiry-into-currency-manipulation/?ref=todayspaper
2014-04-02,DealBook: Essay: The Real Competition to Virtual Currency,http://dealbook.nytimes.com/2014/04/01/essay-the-real-competition-to-virtual-currency/?ref=todayspaper
2014-04-11,A Weakening Currency Could Mean Strength For Turkish Exporters,https://www.nytimes.com/2014/04/09/business/international/silver-lining-in-turkeys-falling-lira.html?ref=todayspaper
2014-05-14,Lew Urges China to Ease Exchange Rate Controls,https://www.nytimes.com/2014/05/14/business/lew-urges-china-to-ease-controls-on-exchange-rate.html?ref=todayspaper
2014-05-22,"Gotham: For Christie, a Narrative Loses Currency",https://www.nytimes.com/2014/05/22/nyregion/for-christie-a-narrative-loses-currency.html?ref=todayspaper
2014-05-22,DealBook: Commerzbank Suspends 2 Currency Traders,http://dealbook.nytimes.com/2014/05/21/commerzbank-suspends-two-currency-traders/?ref=todayspaper
2014-06-06,DealBook: Deutsche Bank Warns Investors on Currency Investigation,http://dealbook.nytimes.com/2014/06/05/deutsche-bank-warns-investors-on-currency-investigation/?ref=todayspaper
2014-06-17,Business Briefing: Greenpeace Says It Lost $5 Million on Currency Market,https://www.nytimes.com/2014/06/17/business/greenpeace-says-it-lost-5-million-on-currency-market.html?ref=todayspaper
2014-06-18,DealBook: A Top Currency Executive at Citigroup Is Leaving,http://dealbook.nytimes.com/2014/06/17/a-top-currency-executive-at-citi-is-leaving/?ref=todayspaper
2014-06-27,Art Review: Art as Architecture and as Currency,https://www.nytimes.com/2014/06/27/arts/design/three-solo-shows-at-sculpturecenter-in-queens.html?ref=todayspaper
2014-07-03,China Relaxes Controls Over Exchange Rates,https://www.nytimes.com/2014/07/03/business/international/china-relaxes-controls-over-exchange-rates.html?ref=todayspaper
2014-07-03,"DealBook: Winner of Bitcoin Auction, Tim Draper, Plans to Expand Currency’s Use",http://dealbook.nytimes.com/2014/07/02/venture-capitalist-tim-draper-wins-bitcoin-auction/?ref=todayspaper
2014-07-09,Profits Vanish in Venezuela After Currency Devaluation,https://www.nytimes.com/2014/07/09/business/profits-vanish-in-venezuela-after-currency-devaluation.html?ref=todayspaper
2014-07-16,DealBook: Review Board Examining Extending Currency Benchmark Window,http://dealbook.nytimes.com/2014/07/15/review-board-examining-extending-currency-benchmark-window/?ref=todayspaper
2014-09-27,DealBook: British Regulators Discuss Settlement With Banks in Currency Case,http://dealbook.nytimes.com/2014/09/26/british-regulators-discuss-settlement-with-banks-in-currency-case/?ref=todayspaper
2014-10-01,DealBook: Review Suggests Extending Time for Setting Benchmark Currency Rates,http://dealbook.nytimes.com/2014/09/30/review-suggests-widening-foreign-exchange-benchmark-windows/?ref=todayspaper
2014-10-15,DealBook: Senior JPMorgan Currency Trader in London Has Left the Bank,http://dealbook.nytimes.com/2014/10/14/senior-currency-trader-in-london-leaves-jpmorgan/?ref=todayspaper
2014-11-07,DealBook: Bank of America Takes $400 Million Legal Charge for Currency Inquiry,http://dealbook.nytimes.com/2014/11/06/bank-of-america-takes-400-million-legal-charge/?ref=todayspaper
2014-11-11,DealBook: More Bank Settlements Coming in Widening Currency Case,http://dealbook.nytimes.com/2014/11/10/more-bank-settlements-coming-in-widening-currency-case/?ref=todayspaper
2014-11-11,DealBook: More Bank Settlements Coming in Widening Currency Case,http://dealbook.nytimes.com/2014/11/10/more-bank-settlements-coming-in-widening-currency-case/?ref=todayspaper
2014-11-12,"DealBook: As Currency Settlement Draws Near, Barclays Gets Cold Feet",http://dealbook.nytimes.com/2014/11/11/as-currency-settlement-draws-near-barclays-is-said-to-get-cold-feet/?ref=todayspaper
2014-11-13,DealBook: Big Banks Are Fined $4.25 Billion in Inquiry Into Currency-Rigging,http://dealbook.nytimes.com/2014/11/12/british-and-u-s-regulators-fine-big-banks-3-16-billion-in-foreign-exchange-scandal/?ref=todayspaper
2014-11-13,DealBook: Big Banks Are Fined $4.25 Billion in Inquiry Into Currency-Rigging,http://dealbook.nytimes.com/2014/11/12/british-and-u-s-regulators-fine-big-banks-3-16-billion-in-foreign-exchange-scandal/?ref=todayspaper
2014-11-13,DealBook: Bank of England Officials Cleared of Wrongdoing in Currency Manipulation,http://dealbook.nytimes.com/2014/11/12/report-clears-bank-of-england-officials-of-wrongdoing-in-currency-manipulation/?ref=todayspaper
2014-11-14,DealBook: Switzerland Opens Criminal Inquiry of Currency Traders,http://dealbook.nytimes.com/2014/11/13/switzerland-opens-criminal-inquiry-into-forex-traders/?ref=todayspaper
2014-11-15,Islamic State Says It Plans to Issue Its Own Currency,https://www.nytimes.com/2014/11/15/world/middleeast/islamic-state-says-it-plans-to-issue-its-own-currency-.html?ref=todayspaper
2014-12-11,DealBook: HSBC Dismisses Senior Currency Trader in London,http://dealbook.nytimes.com/2014/12/10/hsbc-dismisses-senior-currency-trader-in-london/?ref=todayspaper
2014-12-24,"As Ruble Falters, Russia Forces Exporters to Reduce Foreign Currency",https://www.nytimes.com/2014/12/24/business/international/as-ruble-falters-russia-forces-exporters-to-reduce-foreign-currency.html?ref=todayspaper
